"[{""id"":1,""z"":0}]","[{""id"":1,""z"":0}]","[{""id"":1,""z"":0}]","[{""id"":1,""z"":0}]","[{""id"":1,""z"":0}]","[{""id"":1,""z"":0}]","[{""id"":1,""z"":0}]","[{""id"":1,""z"":0}]","[{""id"":1,""z"":0}]",,,,,,,,,,,,
"[{""id"":1,""z"":0}]",,,,,,,,"[{""id"":95,""z"":0},{""id"":95,""z"":1,""h"":0.5}]","[{""id"":95,""z"":0},{""id"":95,""z"":1}]","[{""id"":95,""z"":0},{""id"":95,""z"":1}]","[{""id"":95,""z"":0},{""id"":95,""z"":1}]","[{""id"":95,""z"":0},{""id"":95,""z"":1}]","[{""id"":95,""z"":0},{""id"":95,""z"":1}]","[{""id"":95,""z"":0},{""id"":95,""z"":1}]",,,,,,
"[{""id"":1,""z"":0}]","[{""id"":46,""target_x"":3,""target_y"":3,""target_floor"":1}]",,,,,"[{""id"":21,""z"":0}]",,"[{""id"":95,""z"":0},{""id"":95,""z"":1,""h"":0.5}]","[{""id"":50,""z"":0},{""id"":60,""z"":2}]","[{""id"":50,""z"":0},{""id"":60,""z"":2}]","[{""id"":50,""z"":0},{""id"":60,""z"":2}]","[{""id"":50,""z"":0},{""id"":60,""z"":2}]","[{""id"":50,""z"":0},{""id"":60,""z"":2}]","[{""id"":95,""z"":0},{""id"":95,""z"":1}]","[{""id"":1,""z"":0}]",,,,,
"[{""id"":1,""z"":0}]",,,,,,,,"[{""id"":95,""z"":1,""h"":0.5},{""id"":96,""z"":0,""target"":0}]","[{""id"":50,""z"":0},{""id"":60,""z"":2},{""id"":16,""z"":0}]","[{""id"":50,""z"":0},{""id"":60,""z"":2}]","[{""id"":50,""z"":0},{""id"":60,""z"":2}]","[{""id"":50,""z"":0},{""id"":60,""z"":2}]","[{""id"":50,""z"":0},{""id"":60,""z"":2}]","[{""id"":95,""z"":0},{""id"":95,""z"":1}]","[{""id"":1,""z"":0}]",,,,,
"[{""id"":1,""z"":0}]",,,,,,,,"[{""id"":95,""z"":0},{""id"":95,""z"":1,""h"":0.5}]","[{""id"":95,""z"":0},{""id"":95,""z"":1}]","[{""id"":95,""z"":0},{""id"":95,""z"":1}]","[{""id"":95,""z"":0},{""id"":95,""z"":1}]","[{""id"":95,""z"":0},{""id"":95,""z"":1}]","[{""id"":95,""z"":0},{""id"":95,""z"":1}]","[{""id"":95,""z"":0},{""id"":95,""z"":1}]",,,,,,
"[{""id"":1,""z"":0}]",,,"[{""id"":5,""z"":0}]",,,,,,"[{""id"":47,""target_x"":9,""target_y"":5,""target_floor"":-1}]",,,,,,,,,,,
"[{""id"":1,""z"":0}]",,,,"[{""id"":5,""z"":0}]",,"[{""id"":5,""z"":0}]","[{""id"":13,""z"":0}]",,"[{""id"":1,""z"":0}]",,,,,,,,,,,
"[{""id"":1,""z"":0}]",,,,,"[{""id"":5,""z"":0}]",,,"[{""id"":13,""z"":0}]","[{""id"":1,""z"":0}]",,,,,,,,,,,
"[{""id"":1,""z"":0}]",,,"[{""id"":5,""z"":0}]","[{""id"":14,""z"":0}]",,,"[{""id"":5,""z"":0}]","[{""id"":13,""z"":0}]","[{""id"":1,""z"":0}]",,,,,,,,,,,
"[{""id"":1,""z"":0}]",,,"[{""id"":1,""z"":0}]","[{""id"":47,""target_x"":2,""target_y"":5,""target_floor"":2}]","[{""id"":1,""z"":0}]","[{""id"":1,""z"":0}]","[{""id"":1,""z"":0}]","[{""id"":22,""z"":0}]","[{""id"":1,""z"":0}]","[{""id"":1,""z"":0}]","[{""id"":1,""z"":0}]","[{""id"":1,""z"":0}]",,,,,,,,
"[{""id"":1,""z"":0}]",,,"[{""id"":1,""z"":0}]",,,,"[{""id"":1,""z"":0}]","[{""id"":13,""z"":0}]","[{""id"":13,""z"":0}]","[{""id"":12,""z"":0}]","[{""id"":13,""z"":0}]","[{""id"":47,""z"":0,""target_x"":0,""target_y"":0,""target_floor"":3}]","[{""id"":1,""z"":0}]",,,,,,,
"[{""id"":1,""z"":0}]",,,,"[{""id"":1,""z"":0}]",,,,"[{""id"":1,""z"":0}]","[{""id"":1,""z"":0}]","[{""id"":1,""z"":0}]","[{""id"":1,""z"":0}]","[{""id"":1,""z"":0}]",,,,,,,,
"[{""id"":1,""z"":0}]",,,,"[{""id"":1,""z"":0}]",,,,,,,,,,,,,,"[{""id"":2,""z"":0},{""id"":2,""z"":1},{""id"":2,""z"":2},{""id"":2,""z"":3},{""id"":2,""z"":4}]","[{""id"":2,""z"":0},{""id"":2,""z"":1},{""id"":2,""z"":2},{""id"":2,""z"":3},{""id"":2,""z"":4}]","[{""id"":2,""z"":0},{""id"":2,""z"":1},{""id"":2,""z"":2},{""id"":2,""z"":3},{""id"":2,""z"":4}]"
"[{""id"":1,""z"":0}]","[{""id"":20,""z"":0}]",,,"[{""id"":1,""z"":0}]",,"[{""id"":2,""z"":0}]","[{""id"":2,""z"":0}]",,,,,,,,,,,"[{""id"":2,""z"":0},{""id"":2,""z"":1},{""id"":2,""z"":2},{""id"":2,""z"":3},{""id"":2,""z"":4}]",,"[{""id"":2,""z"":0},{""id"":2,""z"":1},{""id"":2,""z"":2},{""id"":2,""z"":3},{""id"":2,""z"":4}]"
"[{""id"":1,""z"":0}]",,,,"[{""id"":1,""z"":0}]","[{""id"":2,""z"":0}]",,,"[{""id"":2,""z"":0}]",,,,,,,,,,"[{""id"":2,""z"":0},{""id"":2,""z"":1},{""id"":2,""z"":2},{""id"":2,""z"":3},{""id"":2,""z"":4}]","[{""id"":2,""z"":0},{""id"":2,""z"":1},{""id"":2,""z"":2},{""id"":2,""z"":3},{""id"":2,""z"":4}]","[{""id"":2,""z"":0},{""id"":2,""z"":1},{""id"":2,""z"":2},{""id"":2,""z"":3},{""id"":2,""z"":4}]"
"[{""id"":1,""z"":0}]",,,,,,,,"[{""id"":2,""z"":0}]",,,,,,,,,,,,
"[{""id"":1,""z"":0}]","[{""id"":1,""z"":0}]","[{""id"":1,""z"":0}]","[{""id"":1,""z"":0}]","[{""id"":2,""z"":0}]","[{""id"":2,""z"":0}]",,,,"[{""id"":2,""z"":0}]",,,,,,,,,,,
,,,,,,"[{""id"":2,""z"":0}]",,,"[{""id"":2,""z"":0}]","[{""id"":2,""z"":0}]",,,,,,,,,,
,"[{""id"":2,""z"":0}]","[{""id"":2,""z"":0}]","[{""id"":2,""z"":0}]","[{""id"":2,""z"":0}]","[{""id"":2,""z"":0}]","[{""id"":2,""z"":0}]",,,,"[{""id"":3,""z"":0}]","[{""id"":2,""z"":0}]",,,,,,,,,
"[{""id"":2,""z"":0}]","[{""id"":4,""z"":0}]","[{""id"":2,""z"":0}]","[{""id"":3,""z"":0}]","[{""id"":2,""z"":0}]",,,,,"[{""id"":2,""z"":0}]","[{""id"":2,""z"":0}]","[{""id"":4,""z"":0}]","[{""id"":1,""z"":0}]",,,,,,,,
"[{""id"":2,""z"":0}]",,"[{""id"":2,""z"":0}]",,"[{""id"":2,""z"":0}]",,,"[{""id"":2,""z"":0}]","[{""id"":2,""z"":0}]","[{""id"":23,""z"":0}]",,,"[{""id"":1,""z"":0}]",,,,,,,,
"[{""id"":2,""z"":0}]",,,,,,,"[{""id"":3,""z"":0}]","[{""id"":2,""z"":0}]",,,"[{""id"":2,""z"":0}]",,,,,,,,,
"[{""id"":2,""z"":0}]",,"[{""id"":2,""z"":0}]",,"[{""id"":2,""z"":0}]","[{""id"":2,""z"":0}]","[{""id"":2,""z"":0}]","[{""id"":2,""z"":0}]","[{""id"":4,""z"":0}]",,"[{""id"":2,""z"":0}]",,,,,,,,,,
"[{""id"":2,""z"":0}]","[{""id"":4,""z"":0}]","[{""id"":2,""z"":0}]","[{""id"":23,""z"":0}]","[{""id"":2,""z"":0}]",,"[{""id"":4,""z"":0}]",,,,"[{""id"":2,""z"":0}]",,,,,,,,,,
"[{""id"":2,""z"":0}]",,,"[{""id"":2,""z"":0}]",,,,"[{""id"":2,""z"":0}]","[{""id"":2,""z"":0}]","[{""id"":2,""z"":0}]",,,,,,,,,,,
"[{""id"":2,""z"":0}]",,,,,,,"[{""id"":2,""z"":0}]",,,,,,,,,,,,,
"[{""id"":2,""z"":0}]",,,,,"[{""id"":2,""z"":0}]","[{""id"":2,""z"":0}]",,,,,,,,,,,,,,
"[{""id"":2,""z"":0}]","[{""id"":2,""z"":0}]","[{""id"":2,""z"":0}]","[{""id"":2,""z"":0}]","[{""id"":2,""z"":0}]",,,,,,,,,,,,,,,,
