"[{""id"":1,""z"":0}]","[{""id"":1,""z"":0}]","[{""id"":1,""z"":0}]","[{""id"":1,""z"":0}]","[{""id"":1,""z"":0}]","[{""id"":1,""z"":0}]","[{""id"":1,""z"":0}]","[{""id"":1,""z"":0}]","[{""id"":1,""z"":0}]","[{""id"":1,""z"":0}]","[{""id"":1,""z"":0}]","[{""id"":1,""z"":0}]","[{""id"":1,""z"":0}]","[{""id"":1,""z"":0}]","[{""id"":1,""z"":0}]","[{""id"":1,""z"":0}]","[{""id"":1,""z"":0}]","[{""id"":1,""z"":0}]","[{""id"":1,""z"":0}]","[{""id"":1,""z"":0}]"
"[{""id"":1,""z"":0}]",,"[{""id"":5,""z"":0}]",,,"[{""id"":3,""z"":0}]",,"[{""id"":5,""z"":0}]",,,,"[{""id"":12,""z"":0}]","[{""id"":5,""z"":0}]","[{""id"":5,""z"":0}]",,,"[{""id"":14,""z"":0}]",,,"[{""id"":1,""z"":0}]"
"[{""id"":1,""z"":0}]",,,,"[{""id"":5,""z"":0}]",,"[{""id"":5,""z"":0}]",,"[{""id"":14,""z"":0}]",,"[{""id"":5,""z"":0}]","[{""id"":201,""z"":0}]",,"[{""id"":14,""z"":0}]",,,,,,"[{""id"":1,""z"":0}]"
"[{""id"":1,""z"":0}]","[{""id"":4,""z"":0}]",,"[{""id"":3,""z"":0}]",,,"[{""id"":14,""z"":0}]","[{""id"":5,""z"":0}]",,,,"[{""id"":201,""z"":0}]",,"[{""id"":5,""z"":0}]","[{""id"":13,""z"":0}]","[{""id"":5,""z"":0}]","[{""id"":5,""z"":0}]",,,"[{""id"":1,""z"":0}]"
"[{""id"":1,""z"":0}]","[{""id"":1,""z"":0}]","[{""id"":5,""z"":0}]",,,"[{""id"":5,""z"":0}]",,"[{""id"":5,""z"":0}]","[{""id"":15,""z"":0}]",,"[{""id"":201,""z"":0}]",,"[{""id"":5,""z"":0}]",,"[{""id"":5,""z"":0}]",,,"[{""id"":15,""z"":0}]",,"[{""id"":1,""z"":0}]"
"[{""id"":1,""z"":0}]","[{""id"":11,""z"":0,""target"":0}]",,"[{""id"":5,""z"":0}]","[{""id"":5,""z"":0}]",,"[{""id"":15,""z"":0}]",,,"[{""id"":5,""z"":0}]",,,,,,,,,"[{""id"":5,""z"":0}]","[{""id"":1,""z"":0}]"
"[{""id"":1,""z"":0}]","[{""id"":1,""z"":0}]",,,,,,,,,,,,,,,"[{""id"":5,""z"":0}]",,,"[{""id"":1,""z"":0}]"
"[{""id"":1,""z"":0}]","[{""id"":5,""z"":0}]",,"[{""id"":3,""z"":0}]",,,,,,,,"[{""id"":14,""z"":0}]",,,,"[{""id"":5,""z"":0}]",,,,"[{""id"":1,""z"":0}]"
"[{""id"":1,""z"":0}]",,,,,,"[{""id"":5,""z"":0}]",,,,,,,"[{""id"":5,""z"":0}]",,,,"[{""id"":3,""z"":0}]",,"[{""id"":1,""z"":0}]"
"[{""id"":1,""z"":0}]",,"[{""id"":5,""z"":0}]",,"[{""id"":14,""z"":0}]",,,,,"[{""id"":5,""z"":0}]","[{""id"":5,""z"":0}]",,,,,,"[{""id"":5,""z"":0}]",,,"[{""id"":1,""z"":0}]"
"[{""id"":1,""z"":0}]",,,,,,,,,,,,,,"[{""id"":3,""z"":0}]",,,,,"[{""id"":1,""z"":0}]"
"[{""id"":1,""z"":0}]","[{""id"":5,""z"":0}]",,"[{""id"":14,""z"":0}]",,,,,,,,,,"[{""id"":5,""z"":0}]",,"[{""id"":15,""z"":0}]",,"[{""id"":5,""z"":0}]",,"[{""id"":1,""z"":0}]"
"[{""id"":1,""z"":0}]",,,,,,,,,"[{""id"":15,""z"":0}]",,,,,,,,,,"[{""id"":1,""z"":0}]"
"[{""id"":1,""z"":0}]",,,"[{""id"":15,""z"":0}]",,,"[{""id"":5,""z"":0}]",,,,,,"[{""id"":5,""z"":0}]",,,,,"[{""id"":5,""z"":0}]",,"[{""id"":1,""z"":0}]"
"[{""id"":1,""z"":0}]",,,,,,,"[{""id"":5,""z"":0}]",,,,,,,,,"[{""id"":15,""z"":0}]",,,"[{""id"":1,""z"":0}]"
"[{""id"":1,""z"":0}]",,,,"[{""id"":5,""z"":0}]",,,,,,,"[{""id"":15,""z"":0}]",,,"[{""id"":4,""z"":0}]",,,,,"[{""id"":1,""z"":0}]"
"[{""id"":1,""z"":0}]",,,,,,,,"[{""id"":5,""z"":0}]",,,,,,,,,"[{""id"":4,""z"":0}]",,"[{""id"":1,""z"":0}]"
"[{""id"":1,""z"":0}]",,,"[{""id"":14,""z"":0}]",,,,,,,,,,"[{""id"":14,""z"":0}]",,,,,"[{""id"":5,""z"":0}]","[{""id"":1,""z"":0}]"
"[{""id"":1,""z"":0}]",,"[{""id"":15,""z"":0}]",,,"[{""id"":5,""z"":0}]",,"[{""id"":3,""z"":0}]",,,,,,,,"[{""id"":5,""z"":0}]",,,,"[{""id"":1,""z"":0}]"
"[{""id"":1,""z"":0}]","[{""id"":1,""z"":0}]","[{""id"":1,""z"":0}]","[{""id"":1,""z"":0}]","[{""id"":1,""z"":0}]","[{""id"":1,""z"":0}]","[{""id"":1,""z"":0}]","[{""id"":1,""z"":0}]","[{""id"":1,""z"":0}]","[{""id"":1,""z"":0}]","[{""id"":1,""z"":0}]","[{""id"":1,""z"":0}]","[{""id"":1,""z"":0}]","[{""id"":1,""z"":0}]","[{""id"":1,""z"":0}]","[{""id"":1,""z"":0}]","[{""id"":1,""z"":0}]","[{""id"":1,""z"":0}]","[{""id"":1,""z"":0}]","[{""id"":1,""z"":0}]"
